{"cameraMode":{"drawMode":0,"name":"Shaded","section":"Shading Mode"},"sceneLighting":true,"audioPlay":false,"sceneViewState":{"m_AlwaysRefresh":false,"showFog":true,"showSkybox":true,"showFlares":true,"showImageEffects":true,"showParticleSystems":true,"showVisualEffectGraphs":true,"m_FxEnabled":true},"in2DMode":false,"pivot":{"x":-0.01441192626953125,"y":19.484411239624025,"z":1851.7916259765625},"rotation":{"x":-0.0954890176653862,"y":0.6921133995056152,"z":-0.09316806495189667,"w":-0.7093535661697388},"size":142.80386352539063,"orthographic":false}